state_name,VULNERABLE_POPULATION,AVG_MEDIAN_INCOME_PCT_CHANGE
California,6875058.77255139,15.650930273
Texas,4752596.16420815,11.89671628
Florida,3578412.40390639,12.187282788
New York,3489063.40778643,11.10014671
Illinois,2305619.91568066,10.435989088
Pennsylvania,2289607.51563287,11.088694195
Ohio,2128558.53267136,11.69617794
Michigan,1798093.66029114,12.098627999
North Carolina,1762677.72119045,13.00928855
Georgia,1701288.72964206,14.06381757
