state_name,VULNERABLE_POPULATION,AVG_MEDIAN_INCOME_CHANGE
California,6875058.77255139,9077.418488445
Texas,4752596.16420815,5327.083763626
Florida,3578412.40390639,5752.321543408
New York,3489063.40778643,6418.964814815
Illinois,2305619.91568066,5366.212734082
Pennsylvania,2289607.51563287,5292.067360686
Ohio,2128558.53267136,5449.008050089
Michigan,1798093.66029114,5717.455602537
North Carolina,1762677.72119045,5335.980106101
Georgia,1701288.72964206,5060.998538012
