state_name,VULNERABLE_POPULATION,AVG_MEDIAN_INCOME_CHANGE
California,5936498.34048096,9077.418488445
Texas,4221752.10200567,5327.083763626
Florida,3038904.91127392,5752.321543408
New York,2917601.0087565,6418.964814815
Illinois,1994720.89885404,5366.212734082
Pennsylvania,1974700.12492188,5292.067360686
Ohio,1834530.91591807,5449.008050089
Michigan,1546629.33070483,5717.455602537
North Carolina,1525452.90809395,5335.980106101
Georgia,1476652.18946035,5060.998538012
